<Configuration>
  <Add OfficeClientEdition="64" Channel="Production_LTSC2024">
    <Product ID="ProPlus2024Volume" PIDKEY="XJ2XN-FW8RK-P4HMP-DKDBV-GCVGB">
      <Language ID="en-us" />
    </Product>
    <Product ID="ProjectPro2024Volume" PIDKEY="FQQ23-N4YCY-73HQ3-FM9WC-76HF4">
      <Language ID="en-us" />
    </Product>
    <Product ID="VisioPro2024Volume" PIDKEY="B7TN8-FJ8V3-7QYCP-HQPMV-YY89G">
      <Language ID="en-us" />
    </Product>
    <Product ID="ProofingTools">
      <Language ID="en-us" />
    </Product>
  </Add>
  <Display Level="Full" AcceptEULA="TRUE" />
  <Updates Enabled="TRUE" />
  <Property Name="AUTOACTIVATE" Value="1" />
</Configuration>
<!--  OInstallSetting Branch=1  -->
<!--  OInstallSetting Office=0  -->
<!--  OInstallSetting Arch=0  -->
<!--  OInstallSetting Redact=2  -->
<!--  OInstallSetting Product=0  -->
<!--  OInstallSetting UseDarkTheme=1  -->
<!--  OInstallSetting UseDarkThemeBackColor=37,37,37  -->
<!--  OInstallSetting RunAsTI=0  -->
<!--  OInstallSetting OnlineKMS=1  -->
<!--  OInstallSetting PATH=  -->
<!--  OInstallSetting Aria2 Command Line=-s10 -x10 -j10 -m60 -t20 -k10M -R -c --retry-wait=5 --check-certificate=false --file-allocation=falloc --max-overall-download-limit=0  -->
<!--  OInstallSetting Aria2 Command Line2=-s1 -j1 -R --check-certificate=false --file-allocation=falloc -c  -->
<!--  OInstallSetting Download files in one stream=0  -->
<!--  OInstallSetting Download Version=16.0.12527.22286  -->
<!--  OInstallSetting Lang en-US  -->
